CHROM	POS	REF	ALT	Ensembl Gene name	gene_name	cDNA change	AA change	Wt Epitope	Mut Epitope	immunogenic
1	2426977	G	C	ENSG00000149527	PLCH2	c.G1167C	p.E389D	KLKKAASVEEGDEGQDSPGGQSRGA	KLKKAASVEEGDDGQDSPGGQSRGA	no
1	2426977	G	C	ENSG00000149527	PLCH2	c.G1800C	p.E600D	-	-	no
1	4772495	G	A	ENSG00000196581	AJAP1	c.G565A	p.E189K	ETEFIAWGPTGDEEALESNTFPGVY	ETEFIAWGPTGDKEALESNTFPGVY	no
1	89657064	C	T	ENSG00000162654	GBP4	c.G796A	p.E266K	PTNDKQYLNHMDEVPEENLERHFLM	PTNDKQYLNHMDKVPEENLERHFLM	no
1	155629882	G	T	ENSG00000163374	YY1AP1	c.C1759A	p.P587T	VNPTSFPCPLNQPLVASSVSPLIVS	VNPTSFPCPLNQTLVASSVSPLIVS	no
1	111991946	TC	T	ENSG00000116459,ENSG00000116455	ATP5F1	c.225delC	p.I75fs	NSTSRENCFYGSILLSGCRPHAIGSQ	NSTSRENCFYGSICFPAVALMR	no
1	27092960	G	A	ENSG00000117713	ARID1A	c.G1742A	p.S581N	GTMANNSAGMAASPEMMGLGDVKLT	GTMANNSAGMAANPEMMGLGDVKLT	no
1	27878527	T	G	ENSG00000126705	AHDC1	c.A100C	p.T34P	LREPKYYPGGPPTPRPLLPTRPPAS	LREPKYYPGGPPPPRPLLPTRPPAS	no
1	214170169	G	C	ENSG00000117707	PROX1	c.G291C	p.L97F	MPFPGATIISQLLKNNMNKNGGTEP	MPFPGATIISQLFKNNMNKNGGTEP	no
1	36636791	C	G	ENSG00000116871	MAP7D1	c.C266G	p.S89C	PRPAPPQEESPSSEAKSRGPTPPAM	PRPAPPQEESPSCEAKSRGPTPPAM	no
1	55118715	C	A	ENSG00000184313,ENSG00000271723	MROH7	c.C116A	p.P39Q	PGLGSGTIPQPHPDMAQVPMLNLLP	PGLGSGTIPQPHQDMAQVPMLNLLP	no
1	155207185	G	A	ENSG00000177628	GBA	c.C685T	p.R229C	GPTLANSTHHNVRLLMLDDQRLLLP	GPTLANSTHHNVCLLMLDDQRLLLP	no
1	157739830	G	T	ENSG00000132704	FCRL2	c.C421A	p.L141I	ETRLSPQRLDVQLQFCFFRENQVLG	ETRLSPQRLDVQIQFCFFRENQVLG	no
1	173552678	G	A	ENSG00000162753	SLC9C2	c.C607T	p.R203W	ICSIASIFFGNFRGNRIHFSIFRDL	ICSIASIFFGNFWGNRIHFSIFRDL	no
1	220313592	G	A	ENSG00000067704	IARS2	c.G2375A	p.R792K	GKVVRLLRTFYTRELSNFYFSIIKD	GKVVRLLRTFYTKELSNFYFSIIKD	no
1	248039526	C	T	ENSG00000162722	TRIM58	c.C1196T	p.S399L	LKGNEYMVLASPSVPLLQLESPRCI	LKGNEYMVLASPLVPLLQLESPRCI	no
10	25312661	C	A	ENSG00000185875	THNSL1	c.C509A	p.T170K	LLDLICRLKLMKTDRIVGQNSGTSM	LLDLICRLKLMKKDRIVGQNSGTSM	no
11	57982531	C	G	ENSG00000172774	OR1S1	c.C315G	p.I105M	KMLVNIQTKSQSISYESCITQMYFS	KMLVNIQTKSQSMSYESCITQMYFS	no
11	76405616	C	G	ENSG00000254975,ENSG00000204529	GUCY2EP	c.G2178C	p.K726N	SRSYHDGLARAAKMLKPQVLCLWLS	SRSYHDGLARAANMLKPQVLCLWLS	no
11	94730612	G	A	ENSG00000186280	KDM4D	c.G76A	p.E26K	PNCNIMIFHPTKEEFNDFDKYIAYM	PNCNIMIFHPTKKEFNDFDKYIAYM	no
11	124252468	T	C	ENSG00000204293	OR8B2	c.A772G	p.M258V	IALSLFFGSAAFMYIKYSSGSMEQG	IALSLFFGSAAFVYIKYSSGSMEQG	no
12	8375179	G	A	ENSG00000171847	FAM90A1	c.C634T	p.Q212X	-	-	no
12	11244194	T	C	ENSG00000255374	TAS2R43	c.A635G	p.H212R	CSLCKHLKKMQLHGKGSQDPSTKVH	CSLCKHLKKMQLRGKGSQDPSTKVH	no
12	49524089	CAGA	C	ENSG00000123416	TUBA1B	c.97_99del	p.33_33del	EPRPLSLRTDISSALVWPRASCARSC	EPRPLSLRTDISALVWPRASCARSC	no
12	81007415	G	C	ENSG00000139304	PTPRQ	c.G4447C	p.D1483H	-	-	no
12	81007415	G	C	ENSG00000139304	PTPRQ	c.G4951C	p.D1651H	DPPNNMTFQKIPDEVTKFQLTFLPP	DPPNNMTFQKIPHEVTKFQLTFLPP	no
12	30877360	G	A	ENSG00000110888	CAPRIN2	c.C932T	p.P311L	NFMQESVLDFDKPSSAIPTSQPPSA	NFMQESVLDFDKLSSAIPTSQPPSA	no
12	88381723	G	C	ENSG00000165805	C12orf50	c.C721G	p.P241A	CSNTKDNKDSPHPKHSLTTRLVPTT	CSNTKDNKDSPHAKHSLTTRLVPTT	no
13	36909781	C	G	ENSG00000133104	SPG20	c.G187C	p.E63Q	GHLLRGISISSKESEHTGPGWESAR	GHLLRGISISSKQSEHTGPGWESAR	no
13	110438035	G	C	ENSG00000185950	IRS2	c.C366G	p.F122L	KYLIALYTKDEYFAVAAENEQEQEG	KYLIALYTKDEYLAVAAENEQEQEG	no
14	67243209	G	C	ENSG00000171723	GPHN	c.G171C	p.K57N	DPSLLGGTISAYKIVPDEIEEIKAT	DPSLLGGTISAYNIVPDEIEEIKAT	no
14	67243209	G	C	ENSG00000171723	GPHN	c.G171C	p.K57N	DPSLLGGTISAYKIVPDEIEEIKET	DPSLLGGTISAYNIVPDEIEEIKET	no
14	67243209	G	C	ENSG00000171723	GPHN	c.G171C	p.K57N	DPSLLGGTISAYKIVPDEIEEIKKF	DPSLLGGTISAYNIVPDEIEEIKKF	no
14	23521281	C	A	ENSG00000139880	CDH24	c.G1375T	p.G459W	LTVLATELGWSWGPERGWVPLLVAE	LTVLATELGWSWWPERGWVPLLVAE	no
14	75373266	CTGGTT	C	ENSG00000198208	RPS6KL1	c.1607_1611del	p.K536fs	HLRTLIHWLSGPKPDCPG	HLRTLIHWLSGPRLSWL	yes
15	91354521	G	A	ENSG00000197299	BLM	c.G2836A	p.V946I	RSAAEELDEEIPVSSHYFASKTRNE	RSAAEELDEEIPISSHYFASKTRNE	no
15	33192230	C	T	ENSG00000248905	FMN1	c.G3604A	p.D1202N	YMNGGNRTRGQADGYSLEILPKLKD	YMNGGNRTRGQANGYSLEILPKLKD	no
15	42151170	G	A	ENSG00000137877	SPTBN5	c.C7997T	p.A2666V	LGRCQAMLLRKEALFRQAGTRRHRL	LGRCQAMLLRKEVLFRQAGTRRHRL	no
16	70602985	G	A	ENSG00000189091	SF3B3	c.G3205A	p.D1069N	RLPPNTNDEVDEDPTGNKALWDRGL	RLPPNTNDEVDENPTGNKALWDRGL	no
16	4257074	C	T	ENSG00000185739	SRL	c.G1093A	p.E365K	EPQEAGEPQEAREPQEGGDLQEAEE	EPQEAGEPQEARKPQEGGDLQEAEE	no
16	46710567	G	T	ENSG00000069329	VPS35	c.C842A	p.P281H	VFPDEFHLQTLNPFLRACAELHQNV	VFPDEFHLQTLNHFLRACAELHQNV	no
16	67314420	C	T	ENSG00000196155	PLEKHG4	c.C473T	p.S158L	LDSDPVGLGDPLSEISKLLEAAPSG	LDSDPVGLGDPLLEISKLLEAAPSG	no
16	67314420	C	T	ENSG00000196155	PLEKHG4	c.C473T	p.S158L	LDSDPVGLGDPLSEISKLLEAGKEG	LDSDPVGLGDPLLEISKLLEAGKEG	no
16	88555481	G	A	ENSG00000179588	ZFPM1	c.G188A	p.G63E	NSPPPLPPPTSPGGPKELEGQEPEP	NSPPPLPPPTSPEGPKELEGQEPEP	no
17	73143689	A	T	ENSG00000189159	HN1	c.T259A	p.S87T	EDLESSGLQRRNSSEASSGDFLDLK	EDLESSGLQRRNTSEASSGDFLDLK	no
17	263292	G	A	ENSG00000187624	C17orf97	c.G658A	p.D220N	DPEALKGFHPDPDALKGFHPDPEAL	DPEALKGFHPDPNALKGFHPDPEAL	no
17	57738805	G	T	ENSG00000141367	CLTC	c.G1181T	p.G394V	SEAAKVAANAPKGILRTPDTIRRFQ	SEAAKVAANAPKVILRTPDTIRRFQ	no
17	57738903	G	C	ENSG00000141367	CLTC	c.G1279C	p.D427H	TSPLLQYFGILLDQGQLNKYESLEL	TSPLLQYFGILLHQGQLNKYESLEL	no
17	71193456	A	C	ENSG00000166685	COG1	c.A834C	p.E278D	LKQAHALFYTLPEGLLPDPALPCGL	LKQAHALFYTLPDGLLPDPALPCGL	no
17	76454746	A	G	ENSG00000187775	DNAH17	c.T9878C	p.L3293P	RIKNKIAELNANLSNLTSAFEKATA	RIKNKIAELNANPSNLTSAFEKATA	no
18	14748624	G	A	ENSG00000180777	ANKRD30B	c.G206A	p.R69K	MTVGKKPVNLNKRDMKKRTALHWAC	MTVGKKPVNLNKKDMKKRTALHWAC	no
18	77170567	G	A	ENSG00000131196	NFATC1	c.G253A	p.A85T	PSGYGAALDGGPAGYFLSSGHTRPD	PSGYGAALDGGPTGYFLSSGHTRPD	no
18	685938	C	G	ENSG00000132199	ENOSF1	c.G787C	p.G263R	DMRRCQIIRDMIGPEKTLMMDANQR	DMRRCQIIRDMIRPEKTLMMDANQR	no
18	685938	C	G	ENSG00000132199	ENOSF1	c.G34C	p.G12R	MRRCQIIRDMIGPEKTLMMDANQR	MRRCQIIRDMIRPEKTLMMDANQR	no
19	14910573	C	T	ENSG00000127530	OR7C1	c.G376A	p.V126I	LLTVMAYDRFVAVCHPLHYTVIMNP	LLTVMAYDRFVAICHPLHYTVIMNP	no
19	19335869	G	T	ENSG00000130287	NCAN	c.G862T	p.A288S	ARAQCRRQGAALASVGQLHLAWHEG	ARAQCRRQGAALSSVGQLHLAWHEG	no
19	40521623	C	G	ENSG00000187187	ZNF546	c.C2368G	p.R790G	PYQCKECGKAFIRSDQLTLHQRNHI	PYQCKECGKAFIGSDQLTLHQRNHI	no
19	54726241	C	T	ENSG00000204577	LILRB3	c.G264A	p.M88I	EPKNKARFSIPSMTEHHAGRYRCHY	EPKNKARFSIPSITEHHAGRYRCHY	no
19	17397477	G	T	ENSG00000160117	ANKLE1	c.G1909T	p.V637L	SGFRRGVCVCVCVCVCVCVCLCVCV	SGFRRGVCVCVCLCVCVCVCLCVCV	no
19	18248108	C	T	ENSG00000099308	MAST3	c.C1945T	p.L649F	HPFFLALDWAGLLRHKAEFVPQLEA	HPFFLALDWAGLFRHKAEFVPQLEA	no
19	36050924	C	T	ENSG00000105675	ATP4A	c.G839A	p.R280H	LVVNTGDRTIIGRIASLASGVENEK	LVVNTGDRTIIGHIASLASGVENEK	no
19	932466	TGAG	T	ENSG00000116017	ARID3A	c.418_420del	p.140_140del	EEEEMEEDLGEDEEEEEEDYEDEEEE	EEEEMEEDLGEDEEEEEDYEDEEEE	no
19	11569083	C	T	ENSG00000196361	ELAVL3	c.G506A	p.G169E	LVDQVTGVSRGVGFIRFDKRIEAEE	LVDQVTGVSRGVEFIRFDKRIEAEE	no
19	15793316	C	A	ENSG00000186204	CYP4F12	c.C643A	p.Q215K	LQKCIFSFDSHCQERPSEYIATILE	LQKCIFSFDSHCKERPSEYIATILE	no
19	18327700	C	G	ENSG00000105650	PDE4C	c.G1336C	p.E446Q	GVSNQFLINTNSELALMYNDASVLE	GVSNQFLINTNSQLALMYNDASVLE	no
19	56934313	G	A	ENSG00000198440	ZNF583	c.G286A	p.E96K	KNSEFSSKQETYEESSKVVTVGARH	KNSEFSSKQETYKESSKVVTVGARH	no
2	42887002	G	C	ENSG00000057935	MTA3	c.G702C	p.L234F	HMSAAAASRDITLFHAMDTLYRHSY	HMSAAAASRDITFFHAMDTLYRHSY	no
2	131415337	G	A	ENSG00000222038	POTEJ	c.G3004A	p.V1002M	IRIIAPPKRKYSVWVGGSILASLST	IRIIAPPKRKYSMWVGGSILASLST	no
2	191379339	C	T	ENSG00000189362	TMEM194B	c.G793A	p.D265N	FVVCYKHGPLADDRSRSLLMWMLRL	FVVCYKHGPLADNRSRSLLMWMLRL	no
2	55527013	CTAGTGGATGTTCTGCCACT	C	ENSG00000115355	CCDC88A	c.4765_4783del	p.S1589fs	SRVHASRPASLDSGRTSTSNSNNNAS	SRVHASRPASLDAIAIIMLHYMKSKQVQLITKAGHKATAVENLACFMTMRLGPAVVAVQSST	no
2	179474826	C	G	ENSG00000155657	TTN	c.G46504C	p.D15502H	EYIELKNPVIAQDPKQPPDPPVDVE	EYIELKNPVIAQHPKQPPDPPVDVE	no
2	170493876	C	T	ENSG00000138398	PPIG	c.C2087T	p.S696F	KIKQSSQDNELKSSMLKNKEDEKIR	KIKQSSQDNELKFSMLKNKEDEKIR	no
2	234652271	C	T	ENSG00000227802	DNAJB3	c.G292A	p.D98N	PFEYVFSFRDPADVFREFFGGQDPF	PFEYVFSFRDPANVFREFFGGQDPF	no
20	30784569	C	T	ENSG00000126003	PLAGL2	c.G1177A	p.E393K	SPQPAAAAALLDEALLAKSPANLSE	SPQPAAAAALLDKALLAKSPANLSE	no
20	33233114	G	A	ENSG00000101464	PIGU	c.C220T	p.H74Y	VFHETPLIIYLFHFLIDYAELVFMI	VFHETPLIIYLFYFLIDYAELVFMI	no
20	40050468	C	T	ENSG00000124177	CHD6	c.G4807A	p.D1603N	HGLNRTDCYIMNDPQLSFLDAYRNY	HGLNRTDCYIMNNPQLSFLDAYRNY	no
20	60889691	T	C	ENSG00000130702	LAMA5	c.A8287G	p.K2763E	RDLADLAAYTALKFYLQGPEPEPGQ	RDLADLAAYTALEFYLQGPEPEPGQ	no
20	62597832	C	A	ENSG00000196700	ZNF512B	c.G696T	p.R232S	RPMPVTKAIPVTRPVPVTKPVTVSR	RPMPVTKAIPVTSPVPVTKPVTVSR	no
21	36410910	C	G	ENSG00000159216	RUNX1-IT1	c.G226C	p.E76Q	LTHTHTHTHTHTERERERERERERE	LTHTHTHTHTHTQRERERERERERE	no
21	37618536	G	C	ENSG00000142197	DOPEY2	c.G4105C	p.E1369Q	HHGRALPEDSLFEESLINLGQDQIW	HHGRALPEDSLFQESLINLGQDQIW	no
22	39822738	G	T	ENSG00000100324	TAB1	c.G454T	p.A152S	NQEIAAMIDTEFAKQTSLDAVAQAV	NQEIAAMIDTEFSKQTSLDAVAQAV	no
22	41980602	C	T	ENSG00000100417	PMM1	c.G211A	p.E71K	IAEQLGDGDEVIEKFDYVFAENGTV	IAEQLGDGDEVIKKFDYVFAENGTV	no
3	141164382	G	T	ENSG00000177311	ZBTB38	c.G3152T	p.G1051V	QCKTCGRCFSVQGNLQKHERIHLGL	QCKTCGRCFSVQVNLQKHERIHLGL	no
3	9804678	C	T	ENSG00000134072	CAMK1	c.G349A	p.D117N	DRIVEKGFYTERDASRLIFQVLDAV	DRIVEKGFYTERNASRLIFQVLDAV	no
3	48541517	G	A	ENSG00000164054	SHISA5	c.C11T	p.P4L	MTAPVPAPRILLPLLL	MTALVPAPRILLPLLL	no
3	108303992	C	A	ENSG00000163507	KIAA1524	c.G170T	p.S57I	FTSNQILTSECLSCLVELLEDPNIS	FTSNQILTSECLICLVELLEDPNIS	yes
3	148777553	C	A	ENSG00000071794	HLTF	c.G1324T	p.A442S	SSKVIEDVAFACALTSSVPTTKKKM	SSKVIEDVAFACSLTSSVPTTKKKM	no
3	178936091	G	A	ENSG00000121879	PIK3CA	c.G1633A	p.E545K	AISTRDPLSEITEQEKDFLWSHRHY	AISTRDPLSEITKQEKDFLWSHRHY	no
4	70148333	G	A	ENSG00000135226	UGT2B28	c.G823A	p.D275N	SFQFPHPFLPNIDFVGGLHCKPAKP	SFQFPHPFLPNINFVGGLHCKPAKP	no
4	2043738	G	A	ENSG00000243449	C4orf48	c.G50A	p.R17Q	GGVGSERMRVARRTRNVCRCPRAAG	GGVGSERMRVARQTRNVCRCPRAAG	no
4	2043738	G	A	ENSG00000243449	C4orf48	c.G17A	p.R6Q	MRVARRTRNVCRCPRAAG	MRVARQTRNVCRCPRAAG	no
4	175898648	T	C	ENSG00000168594	ADAM29	c.T1972C	p.Y658H	YLWDPPNCLIKGYGGSVDSGPPPKR	YLWDPPNCLIKGHGGSVDSGPPPKR	no
4	185941682	G	A	ENSG00000187821	HELT	c.G740A	p.G247D	HPAGPEFAGHSPGEAAVFPQGSGAG	HPAGPEFAGHSPDEAAVFPQGSGAG	no
5	32088493	G	A	ENSG00000133401	PDZD2	c.G4939A	p.E1647K	YSTPRESVASPREKAACLPGSYTSG	YSTPRESVASPRKKAACLPGSYTSG	no
5	79373991	G	A	ENSG00000113296	THBS4	c.G2206A	p.V736M	EVTLTDFRAYQTVVLDPEGDAQIDP	EVTLTDFRAYQTMVLDPEGDAQIDP	no
5	135277071	G	C	ENSG00000164616	FBXL21	c.G1013C	p.R338P	-	-	no
5	151054184	C	T	ENSG00000113140	SPARC	c.G109A	p.E37K	PDETEVVEETVAEVTEVSVGANPVQ	PDETEVVEETVAKVTEVSVGANPVQ	no
6	107076859	G	T	ENSG00000130347	RTN4IP1	c.C38A	p.A13E	MEFLKTCVLRRNACTAVCFWRSKVV	MEFLKTCVLRRNECTAVCFWRSKVV	no
6	137466792	C	G	ENSG00000164485	IL22RA2	c.G665C	p.R222T	EIYQPMLDRRSQRSEERCVEIP	EIYQPMLDRRSQTSEERCVEIP	no
6	29588914	C	T	ENSG00000204681	GABBR1	c.G1287A	p.M429I	EAVEGHITTEIVMLNPANTRSISNM	EAVEGHITTEIVILNPANTRSISNM	no
6	54805397	C	T	ENSG00000168143	FAM83B	c.C1628T	p.S543F	ANALYTHSRLRSSLVFKPTLPEQKE	ANALYTHSRLRSFLVFKPTLPEQKE	no
6	90428728	G	A	ENSG00000112159	MDN1	c.C6079T	p.R2027C	PYDVQLGYSVLSRGSCVPHPSRHPL	PYDVQLGYSVLSCGSCVPHPSRHPL	no
6	117896511	C	G	ENSG00000047932	GOPC	c.G479C	p.R160T	AKLSGPSVEELERELEANKKEKMKE	AKLSGPSVEELETELEANKKEKMKE	no
6	117896511	C	G	ENSG00000047932	GOPC	c.G479C	p.R160T	AKLVSRSSSKMERELEANKKEKMKE	AKLVSRSSSKMETELEANKKEKMKE	no
6	117896511	C	G	ENSG00000047932	GOPC	c.G455C	p.R152T	SADSGTIKAKLERELEANKKEKMKE	SADSGTIKAKLETELEANKKEKMKE	no
6	139234051	C	T	ENSG00000135597	REPS1	c.G1819A	p.D607N	APGPAVHRPVDADGLITHTSTSPQQ	APGPAVHRPVDANGLITHTSTSPQQ	no
7	116418913	C	A	ENSG00000105976	MET	c.C2134A	p.L712I	IMKDFSHPNVLSLLGICLRSEGSPL	IMKDFSHPNVLSILGICLRSEGSPL	no
7	116418913	C	A	ENSG00000105976	MET	c.C34A	p.L12I	MKDFSHPNVLSLLGICLRSEGSPL	MKDFSHPNVLSILGICLRSEGSPL	no
7	128494918	G	A	ENSG00000128591	FLNC	c.G6988A	p.D2330N	VEGPSKAEIAFEDRKDGSCGVSYVV	VEGPSKAEIAFENRKDGSCGVSYVV	no
7	76825869	G	T	ENSG00000127951	FGL2	c.C1047A	p.Y349X	-	-	no
7	107329566	C	T	ENSG00000091137	SLC26A4	c.C1070T	p.A357V	LFSEMLAASFSIAVVAYAIAVSVGK	LFSEMLAASFSIVVVAYAIAVSVGK	no
8	38831834	G	A	ENSG00000169495	HTRA4	c.G52A	p.G18R	LRTAGLGRCLLPGLLLLLVPVLWAG	LRTAGLGRCLLPRLLLLLVPVLWAG	no
8	144789216	G	A	ENSG00000255181	CCDC166	c.C968T	p.S323L	PSVVPSRAAPRASSVVPSREASRVP	PSVVPSRAAPRALSVVPSREASRVP	no
8	81431056	A	G	ENSG00000205189	ZBTB10	c.A2105G	p.H702R	ESSLIMNKLKCPHCSYVAKYRRTLK	ESSLIMNKLKCPRCSYVAKYRRTLK	no
9	65505911	C	T	ENSG00000234734	SPATA31A5,SPATA31A7	c.G1649A	p.R550K	PETQHPEWPLLRRQLEGRLALPSRV	PETQHPEWPLLRKQLEGRLALPSRV	no
9	70177491	A	G	ENSG00000204779	FOXD4L5	c.T493C	p.C165R	QNSIRHNLSLNDCFVKIPREPGHPG	QNSIRHNLSLNDRFVKIPREPGHPG	no
9	106887358	C	G	ENSG00000136824	SMC2	c.C2423G	p.S808C	KKLDCAKTKADASSKKMKEKQQEVE	KKLDCAKTKADACSKKMKEKQQEVE	no
X	83362016	G	T	ENSG00000072133	RPS6KA6	c.C835A	p.H279N	KDSPGLPASANAHQLFKGFSFVATS	KDSPGLPASANANQLFKGFSFVATS	no
X	3235192	C	T	ENSG00000101825	MXRA5	c.G6530A	p.R2177H	KLDCSASGDPWPRILWRLPSKRMID	KLDCSASGDPWPHILWRLPSKRMID	no
X	49103207	C	T	ENSG00000101997	CCDC22	c.C730T	p.Q244X	-	-	no
X	88009311	C	A	ENSG00000147183	CPXCR1	c.C896A	p.S299Y	TYSELRQHSCSSSGN	TYSELRQHSCSSYGN	no
X	153032967	G	T	ENSG00000198753	PLXNB3	c.G754T	p.D252Y	EGLGRLVVGDFSDYNNSYVGAFADA	EGLGRLVVGDFSYYNNSYVGAFADA	yes
